,mean_abs_shap
prod_roll7,71.697
prod_roll30,48.544
fut_rainfall,40.546
prod_roll14,38.434
fut_grade,26.33
fut_planned_hours,26.286
Mine_Block_cat,25.94
fut_planned_target,19.689
fut_humidity,8.282
Predicted_Furnace_Pump_Failure_Risk_pct_lag1,3.779
Predicted_Tipper_Dumper_Availability_pct_roll7,2.373
Predicted_Winder_Failure_Risk_pct_lag1,2.175
Predicted_Excavator_Failure_Risk_pct_lag1,2.157
Predicted_Furnace_Pump_Availability_pct_lag1,1.815
Predicted_Furnace_Pump_Availability_pct_roll7,1.8
Predicted_Dewatering_Pump_Availability_pct_roll7,1.701
Predicted_SDL_Availability_pct_roll7,1.632
Predicted_Sand_Stowing_Availability_pct_roll7,1.606
Predicted_LHD_Availability_pct_roll7,1.572
fut_temperature,1.462
Predicted_Excavator_Availability_pct_lag1,1.428
Predicted_Crusher_Failure_Risk_pct_roll7,1.41
Predicted_Excavator_Failure_Risk_pct_roll7,1.389
Predicted_Winder_Availability_pct_lag1,1.382
Predicted_Overall_Equipment_Availability_pct_roll7,1.368
Predicted_Drill_Jumbo_Availability_pct_lag1,1.339
Predicted_Tipper_Dumper_Availability_pct_lag1,1.282
Predicted_Winder_Availability_pct_roll7,1.276
Predicted_Drill_Jumbo_Failure_Risk_pct_lag1,1.25
prod_lag1,1.231
Predicted_LHD_Failure_Risk_pct_roll7,1.23
Predicted_Tipper_Dumper_Failure_Risk_pct_lag1,1.199
Operational_Impact_Score_roll7,1.185
asof_dow,1.16
Predicted_Dewatering_Pump_Failure_Risk_pct_roll7,1.143
Predicted_LHD_Availability_pct_lag1,1.143
Predicted_Sand_Stowing_Failure_Risk_pct_roll7,1.141
Predicted_SDL_Failure_Risk_pct_lag1,1.132
Predicted_Winder_Failure_Risk_pct_roll7,1.084
prod_std7,1.081
Predicted_Sand_Stowing_Failure_Risk_pct_lag1,1.049
Predicted_DTH_Drill_Availability_pct_lag1,1.048
Predicted_SDL_Failure_Risk_pct_roll7,1.044
Predicted_Cable_Bolter_Availability_pct_lag1,1.037
Predicted_Dewatering_Pump_Availability_pct_lag1,1.037
Predicted_Dewatering_Pump_Failure_Risk_pct_lag1,0.991
Predicted_Drill_Jumbo_Failure_Risk_pct_roll7,0.956
Predicted_Excavator_Availability_pct_roll7,0.944
Operational_Impact_Score_lag1,0.943
Predicted_Crusher_Failure_Risk_pct_lag1,0.941
Predicted_Crusher_Availability_pct_lag1,0.921
grade_lag1,0.871
Predicted_SDL_Availability_pct_lag1,0.87
Predicted_Tipper_Dumper_Failure_Risk_pct_roll7,0.87
fut_dow,0.864
Predicted_Cable_Bolter_Availability_pct_roll7,0.839
asof_month,0.807
Predicted_Critical_Machine_Failure_Risk_pct_lag1,0.793
Predicted_Critical_Machine_Failure_Risk_pct_roll7,0.791
prod_lag7,0.753
Predicted_Drill_Jumbo_Availability_pct_roll7,0.726
Predicted_Furnace_Pump_Failure_Risk_pct_roll7,0.72
Predicted_Average_Equipment_Failure_Risk_pct_lag1,0.711
Predicted_LHD_Failure_Risk_pct_lag1,0.71
fut_month,0.642
Predicted_Sand_Stowing_Availability_pct_lag1,0.629
Predicted_Crusher_Availability_pct_roll7,0.626
Predicted_Cable_Bolter_Failure_Risk_pct_lag1,0.613
Predicted_Cable_Bolter_Failure_Risk_pct_roll7,0.576
Predicted_DTH_Drill_Failure_Risk_pct_lag1,0.552
Predicted_DTH_Drill_Availability_pct_roll7,0.514
Predicted_DTH_Drill_Failure_Risk_pct_roll7,0.489
Predicted_Average_Equipment_Failure_Risk_pct_roll7,0.376
Predicted_Overall_Equipment_Availability_pct_lag1,0.329
at_risk_shift_count_lag1,0.112
